{
  "RocoDataRows": {
    "1": {
      "id": 1,
      "name": [
        1032805417,
        1022739087,
        1041865114,
        1065353216
      ],
      "type": 2,
      "active_season": 1,
      "weight": 100,
      "season_pet": 3182,
      "main_tex": [
        1032805417,
        1022739087,
        1041865114,
        1065353216
      ],
      "glass_color_1": [
        0.9,
        0.82,
        0.3,
        1.0
      ],
      "glass_color_2": [
        7.212826902688026e+22,
        1.0900250432912691e+27,
        7.7146300374525655e+31,
        6.71258326903837e+22,
        1.8890736512514996e+31,
        7.554585183897063e+31,
        2.296437346945047e+20,
        10.962262,
        6.211531239255601e+22,
        873207.1875,
        873794.9375,
        7.140089492391697e+31,
        2.6914589774170607e+20,
        183973568.0,
        873972.5625,
        1.7433426937956728e+28,
        3798.961914,
        959512510464.0,
        7.532260015010424e+28,
        182654688.0,
        873972.5625,
        1.7433426937956728e+28,
        3798.961914,
        959512510464.0,
        7.532260015010424e+28
      ],
      "Effect_Amount": 0.0,
      "star_intensity": 5,
      "global_refraction": 0.0,
      "tex_flow_speed_x": 0.0,
      "tex_flow_speed_y": 0.0,
      "particle": "PaperSprite'/Game/NewRoco/Modules/System/Common/CommonStatic/Frames/img_HideDazzling_png.img_HideDazzling_png'",
      "particle_color_1": [
        7.094769091696173e+22,
        4.760146019195512e+30,
        0.0,
        4.3575114308887484e+27,
        6.085511064122557e+22,
        4.4147140518499215e+21,
        6.3501770709577225e+28,
        6.9790247798329005e+22,
        6.853356385255684e+34,
        4.438302857269303e+27,
        1.7430347955009897e+28,
        7.408586431427199e+28,
        2.4232706751383103e+20,
        6.040695839029564e+28,
        1.8524801249896525e+28,
        2.7357198619736487e+20,
        0.0,
        4.360767207430782e+27,
        1.3256684606202597e+25,
        228765.703125,
        917.568909,
        1.2112374917949702e+27,
        57.857822,
        1.8597934178433485e+28,
        4.510381517488963e+27,
        1.5139730547089878e+25,
        2.2642923768391087e+20,
        1.7867804540171223e+25,
        9.180470386516474e+23,
        1.1259961037306646e+24
      ],
      "particle_color_2": [
        7.094769091696173e+22,
        4.760146019195512e+30,
        0.0,
        4.3575114308887484e+27,
        6.085511064122557e+22,
        4.4147140518499215e+21,
        6.3501770709577225e+28,
        6.9790247798329005e+22,
        6.853356385255684e+34,
        4.438302857269303e+27,
        1.101532262324412e+24,
        0.0,
        0.0,
        2.7261303613608375e+20,
        6.659663969725661e+28,
        239519520.0,
        2.5555907913817104e+29,
        3.925460414235521e+30,
        1.8177100347641563e+31,
        1.1211411512747652e+24,
        2.6439449458171393e+20,
        59.608837,
        1.1432177793543128e+27,
        4.397344231037107e+21,
        1.8597931817250244e+28,
        4.510381517488963e+27,
        6.238619940654272e+22,
        1.8526600471526498e+28,
        1.1288771329374584e+27,
        1.7440393609110582e+28,
        2.7655090484889133e+29
      ],
      "particle_color_3": [
        7.094769091696173e+22,
        4.760146019195512e+30,
        0.0,
        4.3575114308887484e+27,
        6.085511064122557e+22,
        4.4147140518499215e+21,
        6.3501770709577225e+28,
        6.9790247798329005e+22,
        6.853356385255684e+34,
        4.438302857269303e+27,
        1.101532262324412e+24,
        0.0,
        0.0,
        2.7261303613608375e+20,
        6.659663969725661e+28,
        239519520.0,
        2.5555907913817104e+29,
        3.925460414235521e+30,
        1.8177100347641563e+31,
        1.1211411512747652e+24,
        2.6439449458171393e+20,
        59.608837,
        1.1432177793543128e+27,
        4.397344231037107e+21,
        1.8597931817250244e+28,
        4.510381517488963e+27,
        6.238619940654272e+22,
        1.8526600471526498e+28,
        1.1288771329374584e+27,
        1.7440393609110582e+28,
        2.7655090484889133e+29
      ],
      "particle_color_4": [
        7.094769091696173e+22,
        4.760146019195512e+30,
        0.0,
        4.3575114308887484e+27,
        6.085511064122557e+22,
        4.4147140518499215e+21,
        6.3501770709577225e+28,
        6.9790247798329005e+22,
        6.853356385255684e+34,
        4.438302857269303e+27,
        7.267225934426305e+31,
        11763274752.0,
        874310.3125,
        7.144934867076712e+31,
        11224.852539,
        7.0062400323811e+22,
        4.510460617127551e+27,
        2.6329575701012388e+20,
        1.7867804540171223e+25,
        55.851006,
        2.7632853805594596e+29,
        1.3177595343908072e+25,
        1.6484306165582392e+22,
        1.2112374917949702e+27,
        1.6676381918920442e+19,
        1.3215604199309443e+19,
        0.0
      ],
      "ball_fx": "PaperSprite'/Game/NewRoco/Modules/System/Appearance/Raw/AppearanceNew/Frames/img_Star_S1_png.img_Star_S1_png'",
      "ball_fx_path": 13,
      "hatch_fx": "PaperSprite'/Game/NewRoco/Modules/System/Handbook/Raw/Common/Images/Frames/img_SeasonDazzlingBg_png.img_SeasonDazzlingBg_png'",
      "icon": "PaperSprite'/Game/NewRoco/Modules/System/BigMap/Raw/Atlas/WorldMapNpc/Frames/img_SeasonBrilliance_DifferentColors_png.img_SeasonBrilliance_DifferentColors_png'",
      "long_icon": "PaperSprite'/Game/NewRoco/Modules/System/BigMap/Raw/Atlas/WorldMapNpc/Frames/img_SeasonBrilliance_DifferentColors_png.img_SeasonBrilliance_DifferentColors_png'",
      "stroke_icon": "MaterialInstanceConstant'/Game/ArtRes/UI/TUI/Materials/MI_UI_PetDazz_Season1.MI_UI_PetDazz_Season1'",
      "stroke_small_icon": "MaterialInstanceConstant'/Game/ArtRes/UI/TUI/Materials/MI_UI_PetCloseUp.MI_UI_PetCloseUp'",
      "glass_tips_pic": "MaterialInstanceConstant'/Game/ArtRes/UI/TUI/Materials/MI_UI_PetCloseUp2.MI_UI_PetCloseUp2'",
      "particle_small_icon": "Texture2D'/Game/ArtRes/BP/Texture/PetGlassyNoise/T_PetGlassyNoiseS1_001.T_PetGlassyNoiseS1_001'"
    },
    "2": {
      "id": 2,
      "name": [
        1063675494,
        1062333317,
        1050253722,
        1065353216
      ],
      "type": 2,
      "active_season": 2,
      "weight": 100,
      "season_pet": 3735,
      "main_tex": [
        1053609165,
        1025758986,
        1025758986,
        1065353216
      ],
      "glass_color_1": [
        0.03,
        0.01,
        0.01,
        1.0
      ],
      "glass_color_2": [
        7.212826902688026e+22,
        1.0900250432912691e+27,
        7.7146300374525655e+31,
        6.71258326903837e+22,
        1.8890736512514996e+31,
        7.554585183897063e+31,
        2.296437346945047e+20,
        10.962262,
        6.211531239255601e+22,
        873207.1875,
        873794.9375,
        7.140089492391697e+31,
        2.6914589774170607e+20,
        183973568.0,
        873972.5625,
        1.7433426937956728e+28,
        3798.961914,
        959512510464.0,
        7.532260015010424e+28,
        182658784.0,
        873972.5625,
        1.7433426937956728e+28,
        3798.961914,
        959512510464.0,
        7.532260015010424e+28
      ],
      "Effect_Amount": 0.0,
      "star_intensity": 24,
      "global_refraction": 0.0,
      "tex_flow_speed_x": 0.0,
      "tex_flow_speed_y": 0.0,
      "particle": "PaperSprite'/Game/NewRoco/Modules/System/Common/CommonStatic/Frames/img_S2Dazzling_png.img_S2Dazzling_png'",